Iax,Rtr,Ig3,Ig4,Ig5,fc,neg_avgEL
5.443728155453904,0.4997642229756348,2.246891688433621,2.2100191229615844,2.191347240824307,55.28794860839844,-0.33048316836357117
5.467560379336688,0.4820867317564993,2.2448880804618536,2.231101144963039,2.2056182460151947,56.7806396484375,-0.332071453332901
