Iax,Rtr,Ig3,Ig4,Ig5,fc,neg_avgEL
5.498966155460556,0.49987973944054587,2.2499124597919042,2.2473071674342164,2.2444949135555827,53.96138000488281,-0.33470311760902405
5.499640517853417,0.49900084263637356,2.249710562523175,2.248405602018037,2.248058954635207,54.01404571533203,-0.3348653316497803
